,file,t-value,p-value,different,con_hi,con_lo,pa
0,meanfilesA1,0.4485707436388685,0.6547316053136593,0,-0.316116684906605,0.5032253987466053,0.16767548634547488
1,meanfilesA10,0.7493048727091587,0.4554683455993519,0,-0.23403360097313164,0.5227033817731319,0.16767548634547488
2,meanfilesA100,0.9091691968383532,0.36549136554290407,0,-0.21274017713345234,0.5793705091334527,0.16767548634547488
3,meanfilesA11,2.0576857881491883,0.04227558527437021,1,0.018426354088315167,0.7933743321516851,0.16767548634547488
4,meanfilesA12,-1.2775446076489425,0.20442822865610247,0,-0.1397645511267433,0.6597810331267435,0.16767548634547488
5,meanfilesA13,0.29014047847514635,0.7723218067777513,0,-0.35844401167520307,0.48268629047520323,0.16767548634547488
6,meanfilesA14,1.567580301998549,0.12020251879432554,0,-0.08466165440011669,0.7537610272001167,0.16767548634547488
7,meanfilesA15,1.6860994038123525,0.09495798808471825,0,-0.0564556125008393,0.7408429149008391,0.16767548634547488
8,meanfilesA16,1.27588803183757,0.20501089756705174,0,-0.13359469420003778,0.6288160934400374,0.16767548634547488
9,meanfilesA17,2.4459157768932758,0.016231673208962825,1,0.09963168777492626,0.9122863612970741,0.16767548634547488
10,meanfilesA18,1.2138551067010708,0.22772030901297713,0,-0.14962051386289094,0.6336634646628909,0.16767548634547488
11,meanfilesA19,4.198647987854128,5.91574126272081e-05,1,0.3893505848742733,1.0739196403257267,0.16767548634547488
12,meanfilesA2,0.7882637539056183,0.43244506593420384,0,-0.23433065832482092,0.5484678455248212,0.16767548634547488
13,meanfilesA20,1.8330548292652054,0.06983027989802802,0,-0.02644707386485834,0.765344095064858,0.16767548634547488
14,meanfilesA21,1.6396547686587533,0.10428326278639727,0,-0.06566295145913076,0.7289901558591312,0.16767548634547488
15,meanfilesA22,-0.07450878971332191,0.9407574261524762,0,-0.40595776946484663,0.4379695906648464,0.16767548634547488
16,meanfilesA23,0.35267798223409086,0.7250872558552891,0,-0.31348409358777884,0.450688327787779,0.16767548634547488
17,meanfilesA24,1.967319446032083,0.051973571258700266,0,0.0006632770185953651,0.8564331997814051,0.16767548634547488
18,meanfilesA25,-0.41185227221260706,0.6813471292028126,0,-0.30331563259456973,0.4642528117945698,0.16767548634547488
19,meanfilesA26,0.1942099689974266,0.8464134884798012,0,-0.3922081217371931,0.4782735989771931,0.16767548634547488
20,meanfilesA27,2.0514996592858896,0.04288601258014367,1,0.018494381502444424,0.8514666840975552,0.16767548634547488
21,meanfilesA28,0.5261602500512474,0.5999656059335898,0,-0.24995536929722734,0.43285679529722726,0.16767548634547488
22,meanfilesA29,1.2179709973628425,0.226159311869007,0,-0.16625509990665066,0.7089133377466504,0.16767548634547488
23,meanfilesA3,0.14116497264344274,0.8880293871546423,0,-0.32830730011344567,0.37914954371344545,0.16767548634547488
24,meanfilesA30,1.6093907331002126,0.11074766430341954,0,-0.06952386265311089,0.7001023774531108,0.16767548634547488
25,meanfilesA31,-0.3392319526814787,0.7351608614621996,0,-0.32547782488672483,0.4613665420867249,0.16767548634547488
26,meanfilesA32,1.4849059729515874,0.1407783385570862,0,-0.08613246390418844,0.6197452697841888,0.16767548634547488
27,meanfilesA33,0.19745105479903283,0.8438835399021479,0,-0.35274515291273956,0.4315870995567398,0.16767548634547488
28,meanfilesA34,0.9043431449558049,0.36803125456908015,0,-0.22548886399888518,0.6102671699988855,0.16767548634547488
29,meanfilesA35,2.3248160391763126,0.022145197961864156,1,0.0779918303028535,0.9278101188971464,0.16767548634547488
30,meanfilesA36,1.2780544986820948,0.20424913062648223,0,-0.13665728340267536,0.6456935650026756,0.16767548634547488
31,meanfilesA37,1.4860911721107417,0.14046506525901944,0,-0.088695566424903,0.6399890652249027,0.16767548634547488
32,meanfilesA38,-1.3616290677909175,0.17643713921996723,0,-0.1235697331601226,0.6819614939601226,0.16767548634547488
33,meanfilesA39,1.4153143110460478,0.16014634809712583,0,-0.09757767677803741,0.6007218698980377,0.16767548634547488
34,meanfilesA4,1.3318565659210053,0.18599664408273256,0,-0.12520441111066694,0.6525591571106668,0.16767548634547488
35,meanfilesA40,0.8268918222878266,0.4103072118690416,0,-0.20798480089383986,0.5104000290138395,0.16767548634547488
36,meanfilesA41,1.6850401879042722,0.09516283895969672,0,-0.05370220366831718,0.701834226868318,0.16767548634547488
37,meanfilesA42,1.0207378254144044,0.3098918915094157,0,-0.17658302091582617,0.5586454482358261,0.16767548634547488
38,meanfilesA43,0.9299309973534287,0.3546918452497151,0,-0.22145536230161766,0.6196561383016178,0.16767548634547488
39,meanfilesA44,1.818953605260036,0.071972402786137,0,-0.029414382294191632,0.765762343094192,0.16767548634547488
40,meanfilesA45,1.1134939163069888,0.26822002301093784,0,-0.16566380318159957,0.5993023373015991,0.16767548634547488
41,meanfilesA46,2.5096452621203644,0.01372403946009,1,0.10591365507570238,0.8688571009242979,0.16767548634547488
42,meanfilesA47,1.1143145196202728,0.26786968095739105,0,-0.17177001614677256,0.6221578284667721,0.16767548634547488
43,meanfilesA48,-0.4260651935130421,0.6709946837441603,0,-0.34494999641293955,0.5360438612129398,0.16767548634547488
44,meanfilesA49,0.7333677280677899,0.465084912115148,0,-0.27525583596236813,0.6032477534023682,0.16767548634547488
45,meanfilesA5,1.3137945717977568,0.1919825921536506,0,-0.12615619321002136,0.6357593268900213,0.16767548634547488
46,meanfilesA50,0.25549217389919554,0.798878451807285,0,-0.3235579023720683,0.4203127755720688,0.16767548634547488
47,meanfilesA51,1.5703613770971534,0.11955430764852294,0,-0.08335307624130694,0.7479383459213066,0.16767548634547488
48,meanfilesA52,1.2814898390741023,0.20304549564700314,0,-0.12709419455065474,0.6041696544706543,0.16767548634547488
49,meanfilesA53,0.686660270654016,0.4939184171844131,0,-0.25653554563044756,0.5322882008304478,0.16767548634547488
50,meanfilesA54,1.946952360130996,0.05440321454940507,0,-0.0032650102374014445,0.7372153242854016,0.16767548634547488
51,meanfilesA55,1.5665388090253642,0.12044598719071711,0,-0.08194491546092952,0.7274483074609295,0.16767548634547488
52,meanfilesA56,0.25446953630353514,0.7996660354961443,0,-0.33090160881186786,0.4293974928118675,0.16767548634547488
53,meanfilesA57,0.39521578934636975,0.6935425876476279,0,-0.30611686552412676,0.460326791124127,0.16767548634547488
54,meanfilesA58,-0.0072664514289576074,0.994217033177721,0,-0.3878089916077657,0.3906888930037661,0.16767548634547488
55,meanfilesA59,1.3950163113260887,0.16616457208289104,0,-0.10650430290127239,0.6285002105012727,0.16767548634547488
56,meanfilesA6,0.5055499680499417,0.6143078027670361,0,-0.269917800074576,0.45700854407457603,0.16767548634547488
57,meanfilesA60,0.05628456404489654,0.9552297106729961,0,-0.3534271646913929,0.374278944691393,0.16767548634547488
58,meanfilesA61,1.1595259252002112,0.24905921602559827,0,-0.13798557493461672,0.5356199249346166,0.16767548634547488
59,meanfilesA62,2.9575006016415513,0.0038868956436755382,1,0.207356197929786,1.027520976870214,0.16767548634547488
60,meanfilesA63,1.9916002401359252,0.04919807019286551,1,0.004967345837353476,0.7191112097226463,0.16767548634547488
61,meanfilesA64,2.5350017476366298,0.012827030936626434,1,0.10933212635728096,0.8619099680427192,0.16767548634547488
62,meanfilesA65,-0.30763917265397733,0.7590097594736387,0,-0.3171541944787556,0.4349460204387555,0.16767548634547488
63,meanfilesA66,1.9058795388685035,0.05959633529207529,0,-0.011588499902198901,0.7680325247021988,0.16767548634547488
64,meanfilesA67,0.7088315200824137,0.4801118556683952,0,-0.2545851835847151,0.5420661699847154,0.16767548634547488
65,meanfilesA68,1.8417106314288596,0.06854188606812908,0,-0.02401699991848255,0.7458013335184828,0.16767548634547488
66,meanfilesA69,0.3580709772447709,0.7210603080784082,0,-0.32664007474308565,0.47227582298308624,0.16767548634547488
67,meanfilesA7,0.9564122441665538,0.34121741428805386,0,-0.23662305994314536,0.685710572743145,0.16767548634547488
68,meanfilesA70,1.2802366878639815,0.20348395121195145,0,-0.14238384307379598,0.6753514618737961,0.16767548634547488
69,meanfilesA71,0.8551886457732545,0.39453266065550463,0,-0.23383212484696986,0.5944364287269701,0.16767548634547488
70,meanfilesA72,1.022080145601874,0.3092594190118442,0,-0.18959745061768135,0.6009431042176812,0.16767548634547488
71,meanfilesA73,1.7751549866303113,0.07897691807093955,0,-0.03921112594798076,0.7753149796119807,0.16767548634547488
72,meanfilesA74,1.9018195505598383,0.06013163415668636,0,-0.011532675126642467,0.7138963431206422,0.16767548634547488
73,meanfilesA75,-0.1318588332325469,0.8953662877891848,0,-0.35754965809281025,0.4090075012928106,0.16767548634547488
74,meanfilesA76,1.184323338135639,0.23914953393392646,0,-0.1475622214437401,0.59569635172374,0.16767548634547488
75,meanfilesA77,-0.3194700918881839,0.7500500859892782,0,-0.30798681262263095,0.4276272645426312,0.16767548634547488
76,meanfilesA78,0.3242428523408531,0.7464452186285973,0,-0.3263033445628111,0.4553271021628115,0.16767548634547488
77,meanfilesA79,1.925970995188871,0.057006061478041214,0,-0.006609155228428143,0.6712490752284284,0.16767548634547488
78,meanfilesA8,0.6257383061418758,0.5329411893490785,0,-0.2666322415172929,0.5159224731172934,0.16767548634547488
79,meanfilesA80,0.44567683097067656,0.656813732096564,0,-0.30759200841929746,0.4881357144192974,0.16767548634547488
80,meanfilesA81,0.8146685588407573,0.41723737777470427,0,-0.27205026699658225,0.6576272341965819,0.16767548634547488
81,meanfilesA82,1.854286327992438,0.06670542306131992,0,-0.02321778559798582,0.8060728071979859,0.16767548634547488
82,meanfilesA83,0.9620852871837963,0.3383746472902114,0,-0.2100765784950086,0.613416724975009,0.16767548634547488
83,meanfilesA84,1.5553892472067434,0.12307703030820273,0,-0.07643154528950874,0.6579188136895096,0.16767548634547488
84,meanfilesA85,0.6979525243555539,0.48685963472123317,0,-0.25599524299049087,0.5381865341904908,0.16767548634547488
85,meanfilesA86,1.1794786216976405,0.24106307630319,0,-0.15651602349078408,0.6269753954907846,0.16767548634547488
86,meanfilesA87,1.8775475219459101,0.06341692869264696,0,-0.02140455337245878,0.9481758129724587,0.16767548634547488
87,meanfilesA88,1.2654658180616074,0.2087048525570539,0,-0.13396981618269022,0.6191790337826905,0.16767548634547488
88,meanfilesA89,-0.8041076238765804,0.4232811121622717,0,-0.27299541177375974,0.6514197295737595,0.16767548634547488
89,meanfilesA9,0.9418102760131412,0.34860565515975395,0,-0.1979542737658982,0.5626327685658983,0.16767548634547488
90,meanfilesA90,0.9697912549679081,0.33453798348383157,0,-0.20160475297086455,0.5948029577708643,0.16767548634547488
91,meanfilesA91,2.2493639724247836,0.026727088569783477,1,0.05646675970521542,0.8345820990947849,0.16767548634547488
92,meanfilesA92,0.5275973660892714,0.5989713123788967,0,-0.24929539378628796,0.43239510902628775,0.16767548634547488
93,meanfilesA93,-0.2379570170855039,0.8124112445218813,0,-0.36307431570816123,0.4631672345081614,0.16767548634547488
94,meanfilesA94,2.68727490661724,0.008464239159372383,1,0.14908283104483533,0.9591505365551647,0.16767548634547488
95,meanfilesA95,1.1895217194702863,0.23710842890310846,0,-0.170553515346214,0.6942743680662139,0.16767548634547488
96,meanfilesA96,0.25706293104694816,0.7976691390077381,0,-0.3001865758048874,0.3905876010048879,0.16767548634547488
97,meanfilesA97,-0.5250019196525505,0.6007675683460258,0,-0.3264794021146343,0.564658475714634,0.16767548634547488
98,meanfilesA98,1.264494279621614,0.20905167565369062,0,-0.12829984164094121,0.5919722796409409,0.16767548634547488
99,meanfilesA99,1.8351017433296006,0.06952379375820202,0,-0.022823445825181254,0.6713088502251818,0.16767548634547488
100,meanfilesB1,0.5254390192800009,0.599865952842052,0,-0.2080656481147959,0.358981442534796,0.290645871104774
101,meanfilesB10,0.18510527856805095,0.8533359321440439,0,-0.2423878311279612,0.2925422332479612,0.290645871104774
102,meanfilesB100,2.5665003331027183,0.011011672135805279,1,0.07915623990623893,0.6069107408737608,0.290645871104774
103,meanfilesB11,0.636881498507327,0.5249376859703581,0,-0.19704380584925896,0.3847132318492592,0.290645871104774
104,meanfilesB12,1.6040103847560043,0.11030566606650931,0,-0.054015269149877865,0.5220157169498783,0.290645871104774
105,meanfilesB13,3.313556870366027,0.001095242131797322,1,0.19800733189686787,0.7817812849231325,0.290645871104774
106,meanfilesB14,1.9994719962817282,0.04692442491457103,1,0.0034527187700310047,0.5444302118299684,0.290645871104774
107,meanfilesB15,-0.04967921120665794,0.9604281011411044,0,-0.28433025907286286,0.29900901175286204,0.290645871104774
108,meanfilesB16,0.22146194276418896,0.8249609959359385,0,-0.23588000199685794,0.2954854052168577,0.290645871104774
109,meanfilesB17,1.9971324733815063,0.047180104845917434,1,0.00332317107173552,0.5772864085282644,0.290645871104774
110,meanfilesB18,1.796098224115232,0.07400344424026377,0,-0.026206533673244548,0.5545647456072446,0.290645871104774
111,meanfilesB19,1.2383008754310363,0.2170706836385278,0,-0.10280766578668288,0.44876418984668265,0.290645871104774
112,meanfilesB2,0.19447684071097482,0.8460019205871546,0,-0.23753667403276535,0.28944760233276523,0.290645871104774
113,meanfilesB20,2.6335919350629986,0.009116048475775783,1,0.08367651337452914,0.5847984545854712,0.290645871104774
114,meanfilesB21,1.2286538334607566,0.22065994612960343,0,-0.0996458343706017,0.42804558657060165,0.290645871104774
115,meanfilesB22,0.016391129664536524,0.9869388609421414,0,-0.2874457395390603,0.2922586605010601,0.290645871104774
116,meanfilesB23,1.1772323993606437,0.2405159342891303,0,-0.10965036986387316,0.43355934426387305,0.290645871104774
117,meanfilesB24,0.7116592464317208,0.477513427517953,0,-0.19054489452950374,0.40534258224950415,0.290645871104774
118,meanfilesB25,1.0750118550902432,0.28367766011097123,0,-0.13127143961939752,0.4451261591593976,0.290645871104774
119,meanfilesB26,2.216391194113364,0.027803218290220057,1,0.033986141131512215,0.5882384139084881,0.290645871104774
120,meanfilesB27,-0.15906265140746428,0.8737816419612957,0,-0.24921877301934325,0.2928957428553435,0.290645871104774
121,meanfilesB28,2.406584804270221,0.017021079025677368,1,0.06093822845548286,0.617517988032517,0.290645871104774
122,meanfilesB29,2.214907820146456,0.027906572142731075,1,0.03341145010741842,0.5816503961745813,0.290645871104774
123,meanfilesB3,0.29833979823229695,0.7657566801707396,0,-0.22370955421937266,0.30335657745937283,0.290645871104774
124,meanfilesB30,0.8000906758982509,0.4246171512194228,0,-0.15423428745284468,0.36442588945284454,0.290645871104774
125,meanfilesB31,1.7689963113492795,0.07843402958895788,0,-0.02792187536145302,0.5091668789614532,0.290645871104774
126,meanfilesB32,1.880817251526167,0.06146470783884313,0,-0.012374018819541921,0.5104446382795419,0.290645871104774
127,meanfilesB33,-0.14357258442451667,0.8859840037899726,0,-0.2527812865029719,0.2924300495029714,0.290645871104774
128,meanfilesB34,1.5784492615521144,0.11605869787959201,0,-0.05563031690340631,0.49931310430340586,0.290645871104774
129,meanfilesB35,1.708085586954723,0.08918769031277284,0,-0.03858214702848939,0.5337379374284895,0.290645871104774
130,meanfilesB36,3.174660822938754,0.0017397537024596394,1,0.17404642270985815,0.7465517380301423,0.290645871104774
131,meanfilesB37,2.59801425853043,0.010081213956699241,1,0.0864413872697804,0.6336495530592201,0.290645871104774
132,meanfilesB38,1.635850660449181,0.10345946149067209,0,-0.04591880901655632,0.48984205335655595,0.290645871104774
133,meanfilesB39,0.3777410496010746,0.7060275861014659,0,-0.2182651572758313,0.32154879779583123,0.290645871104774
134,meanfilesB4,1.9867452661989995,0.048329596490492906,1,0.0019113174866680627,0.6069072557133321,0.290645871104774
135,meanfilesB40,-0.8501570397732633,0.39626463485243046,0,-0.1491117200777171,0.37465537467771715,0.290645871104774
136,meanfilesB41,2.94442546751184,0.003622687107142733,1,0.15333113043199836,0.7773908777680012,0.290645871104774
137,meanfilesB42,1.0795866954911937,0.28163959069919536,0,-0.12506996697985417,0.4269057784398539,0.290645871104774
138,meanfilesB43,0.863172468766245,0.38908699225464516,0,-0.15700996717477184,0.40096076827477184,0.290645871104774
139,meanfilesB44,0.4754997609943085,0.6349549595458925,0,-0.23387311466084681,0.3822701638408468,0.290645871104774
140,meanfilesB45,1.3486103990403988,0.17900264217644843,0,-0.09744144363098972,0.5175112282309898,0.290645871104774
141,meanfilesB46,1.384423295883058,0.16778712192447665,0,-0.07767631491761146,0.44230233697761207,0.290645871104774
142,meanfilesB47,1.2309149845429497,0.21981484245318073,0,-0.11011569963763534,0.4747944618376352,0.290645871104774
143,meanfilesB48,1.9725170554000924,0.04994254969746961,1,-0.00024625980045184237,0.5541616833604517,0.290645871104774
144,meanfilesB49,0.8020622153008794,0.42347855076039354,0,-0.17112724839146398,0.4053085799914643,0.290645871104774
145,meanfilesB5,4.32840671520286,2.3824830450320345e-05,1,0.31991219161813533,0.8564941079818646,0.290645871104774
146,meanfilesB50,0.9211463413633809,0.3580950041330191,0,-0.14060909632804325,0.38658484298804313,0.290645871104774
147,meanfilesB51,0.9605947746939076,0.33792753502804374,0,-0.1365806828582214,0.3954378896582202,0.290645871104774
148,meanfilesB52,1.8667099580478583,0.0634204267485475,0,-0.01573840005062066,0.5620150846106209,0.290645871104774
149,meanfilesB53,1.367957069768652,0.17287600415996612,0,-0.08225517394554221,0.4534211735655432,0.290645871104774
150,meanfilesB54,-0.3151226836762028,0.7530003628862291,0,-0.24594620498403325,0.3393715247460333,0.290645871104774
151,meanfilesB55,1.534996341235555,0.12638109016640658,0,-0.06465666380439838,0.5165277386443985,0.290645871104774
152,meanfilesB56,2.4715136388159062,0.01429844922126427,1,0.07245988290390565,0.6478547200800939,0.290645871104774
153,meanfilesB57,3.499982290563364,0.0005747433176442012,1,0.20771103074182928,0.7452673010021706,0.290645871104774
154,meanfilesB58,1.5288211118771433,0.12790477224331645,0,-0.06722809305362598,0.5286929838536263,0.290645871104774
155,meanfilesB59,1.170930708190681,0.24303389711607096,0,-0.11768642292780618,0.4607606054878063,0.290645871104774
156,meanfilesB6,1.1712486609103447,0.242906407386366,0,-0.1150363587807991,0.450609069060799,0.290645871104774
157,meanfilesB60,-1.0007102306912359,0.3181883157186869,0,-0.13418132384039283,0.4100277551003928,0.290645871104774
158,meanfilesB61,0.5786326109300732,0.5634947039237715,0,-0.20686320696106258,0.37839446276106276,0.290645871104774
159,meanfilesB62,2.7417982730274226,0.00667014740971386,1,0.1010792454531172,0.6210810957468827,0.290645871104774
160,meanfilesB63,2.5745014302740103,0.010768426488355848,1,0.0782143941643954,0.5927380904356045,0.290645871104774
161,meanfilesB64,1.0072356753883744,0.315050854666856,0,-0.12681445567834243,0.39098691905834243,0.290645871104774
162,meanfilesB65,-0.6455936678472446,0.5192899876199679,0,-0.18614814083343934,0.3670439288334393,0.290645871104774
163,meanfilesB66,3.2869124460503962,0.0011983220193208042,1,0.18904435755786486,0.7577065237621354,0.290645871104774
164,meanfilesB67,2.813168441754216,0.005400048324241412,1,0.11320516073794562,0.6460417905980542,0.290645871104774
165,meanfilesB68,2.767913381387678,0.0061769614429796425,1,0.11415626815428531,0.6821082595857153,0.290645871104774
166,meanfilesB69,0.5490285699172146,0.5836044568713383,0,-0.21106346073186583,0.3736742173318653,0.290645871104774
167,meanfilesB7,-0.5907529775201703,0.5553596590940687,0,-0.20849484975707216,0.3865466809570725,0.290645871104774
168,meanfilesB70,1.9844594454277549,0.04858571244758679,1,0.001309863597478922,0.5089457404425206,0.290645871104774
169,meanfilesB71,0.7669785538048225,0.44400781838183756,0,-0.17099849632390568,0.3882651352839052,0.290645871104774
170,meanfilesB72,1.9381621869447756,0.054025457281821274,0,-0.004891455316527904,0.5299959316365271,0.290645871104774
171,meanfilesB73,-0.6632859744584844,0.5079189032966256,0,-0.18667480407421633,0.37556908227421615,0.290645871104774
172,meanfilesB74,0.5622690018926475,0.5745687463651825,0,-0.19546254916741468,0.35113164496741445,0.290645871104774
173,meanfilesB75,2.810250029675664,0.005447333082466045,1,0.1120203662299199,0.6411210487300796,0.290645871104774
174,meanfilesB76,2.546223861556528,0.011650277831362814,1,0.08536742833386535,0.6747111534661349,0.290645871104774
175,meanfilesB77,3.148459067380357,0.0018952258348099835,1,0.16411169057801206,0.7159839736219877,0.290645871104774
176,meanfilesB78,0.5396871795796357,0.5900191993086732,0,-0.19525863380995961,0.3421703504099594,0.290645871104774
177,meanfilesB79,1.2821364460838298,0.2012939366391347,0,-0.09612542887628461,0.4522582815962849,0.290645871104774
178,meanfilesB8,0.8624364555663034,0.38949074388915017,0,-0.15553983466947152,0.3968405420694715,0.290645871104774
179,meanfilesB80,2.867845644408459,0.004580466741029878,1,0.13353991561077816,0.7236281826492215,0.290645871104774
180,meanfilesB81,1.7328361698989174,0.08468179818683044,0,-0.03440596410774388,0.5282859402817441,0.290645871104774
181,meanfilesB82,-0.2598734806767856,0.7952313927987046,0,-0.24088014397868324,0.3139068054786834,0.290645871104774
182,meanfilesB83,2.625681342327009,0.009323161645705371,1,0.08585305111848246,0.6062536559195177,0.290645871104774
183,meanfilesB84,1.3749389179404063,0.17070424370808618,0,-0.08324884410826916,0.465214337588269,0.290645871104774
184,meanfilesB85,0.46772720037884213,0.6404940768661034,0,-0.22669904807894625,0.36746271573894596,0.290645871104774
185,meanfilesB86,1.4670186529017026,0.1439575197917078,0,-0.0713512760918813,0.48405972809188125,0.290645871104774
186,meanfilesB87,2.3661974376961563,0.018937272397120182,1,0.05441704668983449,0.6026524648301655,0.290645871104774
187,meanfilesB88,2.876181061325225,0.004466010949915167,1,0.12178236783277019,0.6549427877872299,0.290645871104774
188,meanfilesB89,2.145086727290809,0.0331639737676667,1,0.02306685452773327,0.5562754188522663,0.290645871104774
189,meanfilesB9,-1.6234199761469612,0.10609064409068693,0,-0.05044010142432198,0.5172221648283223,0.290645871104774
190,meanfilesB90,2.0043214445357513,0.04639818144052846,1,0.004037441009053122,0.5345444907909465,0.290645871104774
191,meanfilesB91,2.214046477693197,0.027966739072828494,1,0.029845342243497913,0.5213282703565025,0.290645871104774
192,meanfilesB92,2.1186817139933,0.03536401590955029,1,0.02099137671125645,0.5949466800887437,0.290645871104774
193,meanfilesB93,0.3017752551030131,0.7631401183779964,0,-0.24804391113173102,0.3375550713317313,0.290645871104774
194,meanfilesB94,0.13053275406195183,0.8962774652850819,0,-0.26909342012327614,0.3071959072452763,0.290645871104774
195,meanfilesB95,2.27010172765595,0.024278362598581855,1,0.04034566454374683,0.5788512978562534,0.290645871104774
196,meanfilesB96,1.9266834710455165,0.05545074371977177,0,-0.006440205761383155,0.5279320379613838,0.290645871104774
197,meanfilesB97,0.22422005271933407,0.8228172814946226,0,-0.25005076317703434,0.31412478037703395,0.290645871104774
198,meanfilesB98,1.7495945674632534,0.08173757688451,0,-0.031695702180759566,0.525335757942619,0.290645871104774
199,meanfilesB99,0.6313042937313302,0.5285696937632458,0,-0.1899711905842571,0.36857522174425744,0.290645871104774
200,meanfilesC1,1.2217730132207028,0.22324608353595932,0,-0.10806565388993344,0.4589814372099335,0.290645871104774
201,meanfilesC10,0.9232469668387696,0.35700222357536204,0,-0.1423878324501181,0.3925422302101179,0.290645871104774
202,meanfilesC100,3.314678200912922,0.0010910907372921044,1,0.17915625302520516,0.7069107557747942,0.290645871104774
203,meanfilesC11,1.31560845353891,0.18982681042065713,0,-0.09704380683009811,0.48471322903009867,0.290645871104774
204,meanfilesC12,2.2894843735880324,0.02310575906174163,1,0.04598474830108357,0.6220157312989165,0.290645871104774
205,meanfilesC13,3.9899388447800903,9.300643176091493e-05,1,0.29800733012106756,0.881781284078933,0.290645871104774
206,meanfilesC14,2.7293622020515937,0.006917315661913307,1,0.10345271524223548,0.644430208557764,0.290645871104774
207,meanfilesC15,0.6272068339920827,0.5312462482333606,0,-0.19900900548467526,0.38433026492467526,0.290645871104774
208,meanfilesC16,0.9645554460911773,0.3359440996277794,0,-0.13588000281310003,0.3954854017930998,0.290645871104774
209,meanfilesC17,2.685075866250345,0.007866277678883012,1,0.10332317839823091,0.6772864156017695,0.290645871104774
210,meanfilesC18,2.475977174110026,0.014126353822547085,1,0.07379346128074743,0.6545647413192526,0.290645871104774
211,meanfilesC19,1.9541716572693308,0.0520891473448629,0,-0.0028076689051743098,0.5487641865651744,0.290645871104774
212,meanfilesC2,0.9437482010711061,0.346448482184719,0,-0.1375366647116733,0.38944761261167343,0.290645871104774
213,meanfilesC20,3.4215323029227434,0.0007563871212572073,1,0.18367651790587713,0.684798458454123,0.290645871104774
214,meanfilesC21,1.9769210757563296,0.04943850570391891,1,0.00035416980320246427,0.5280455902767972,0.290645871104774
215,meanfilesC22,0.6975213515734782,0.48629482430269655,0,-0.18744573983763563,0.39225866017963557,0.290645871104774
216,meanfilesC23,1.9041233010986847,0.05834408058004503,0,-0.00965036705224942,0.5335593468522488,0.290645871104774
217,meanfilesC24,1.37429134601293,0.1709048056642106,0,-0.09054489871967203,0.5053425756396717,0.290645871104774
218,meanfilesC25,1.7600497644045285,0.07994350444933201,0,-0.031271434993345226,0.5451261632533451,0.290645871104774
219,meanfilesC26,2.92879999005507,0.003801756235057972,1,0.1339861423626642,0.688238413477336,0.290645871104774
220,meanfilesC27,0.5692966794608497,0.569800076806346,0,-0.19289574816286548,0.3492187671028655,0.290645871104774
221,meanfilesC28,3.1160144553933224,0.0021055435803366577,1,0.1609382275977005,0.7175179870022992,0.290645871104774
222,meanfilesC29,2.9351305698050405,0.0037282525819798936,1,0.1334114435683163,0.6816503904916833,0.290645871104774
223,meanfilesC3,1.0474947568804298,0.2961484378648957,0,-0.1237095494884925,0.40335658170849314,0.290645871104774
224,meanfilesC30,1.5613871341673233,0.12002932757028517,0,-0.05423429551909126,0.46442588071909124,0.290645871104774
225,meanfilesC31,2.504171176966603,0.01308124581470643,1,0.0720781160522701,0.60916687256773,0.290645871104774
226,meanfilesC32,2.6360585071040967,0.009052320964956905,1,0.08762598891183737,0.6104446450281624,0.290645871104774
227,meanfilesC33,0.5806495769654862,0.5621369346939327,0,-0.1924300632892612,0.35278127182926106,0.290645871104774
228,meanfilesC34,2.289970724248294,0.02307698460007182,1,0.04436967476299064,0.5993130965170097,0.290645871104774
229,meanfilesC35,2.3980040331561745,0.017413218139253336,1,0.06141785185446219,0.6337379364055378,0.290645871104774
230,meanfilesC36,3.864356079424848,0.00015090945098226568,1,0.27404642519989214,0.8465517391401087,0.290645871104774
231,meanfilesC37,3.3195936608232883,0.0010730651360908912,1,0.1864413758672031,0.7336495428647974,0.290645871104774
232,meanfilesC38,2.3728477066928098,0.0186092330642411,1,0.0540811872510808,0.5898420497489189,0.290645871104774
233,meanfilesC39,1.109204480470654,0.26868738137594644,0,-0.11826516245366775,0.4215487928536675,0.290645871104774
234,meanfilesC4,2.639401227809981,0.008966596512294865,1,0.10191132167489869,0.7069072577251011,0.290645871104774
235,meanfilesC40,-0.09628341460102026,0.9233928661176298,0,-0.24911172393077813,0.2746553732707782,0.290645871104774
236,meanfilesC41,3.577144062157424,0.00043666918457583144,1,0.25333113560673526,0.8773908841732646,0.290645871104774
237,meanfilesC42,1.7949336371478453,0.07418949804128809,0,-0.025069973699754222,0.5269057719397541,0.290645871104774
238,meanfilesC43,1.570833590079183,0.11781794468241917,0,-0.057009965072960966,0.5009607707729604,0.290645871104774
239,meanfilesC44,1.116347782832243,0.2656262115435341,0,-0.1338731116813583,0.4822701686653581,0.290645871104774
240,meanfilesC45,1.9906991297653134,0.04788928143355797,1,0.0025585545105963337,0.617511225109403,0.290645871104774
241,meanfilesC46,2.143789504510438,0.03326923389137235,1,0.02232369257302602,0.5423023442869742,0.290645871104774
242,meanfilesC47,1.9059831398181666,0.05810087045391764,0,-0.010115690547902956,0.5747944704679031,0.290645871104774
243,meanfilesC48,2.6847258263815896,0.007874224953294439,1,0.09975374367824114,0.6541616893217586,0.290645871104774
244,meanfilesC49,1.4870546188373375,0.13859108996599864,0,-0.07112725458630548,0.5053085741663059,0.290645871104774
245,meanfilesC5,5.064276069460092,9.35512835442118e-07,1,0.419912195195539,0.9564941159844612,0.290645871104774
246,meanfilesC50,1.670119685762312,0.0964757529889341,0,-0.040609091383043194,0.4865848495830433,0.290645871104774
247,meanfilesC51,1.7027759965826847,0.0901792284265865,0,-0.036580681211333455,0.4954378908113331,0.290645871104774
248,meanfilesC52,2.5501401648714923,0.011524413816945708,1,0.08426159880607381,0.6620150831539264,0.290645871104774
249,meanfilesC53,2.105070422022816,0.03654632430225263,1,0.01774482615410472,0.553421173705896,0.290645871104774
250,meanfilesC54,0.3594754144148628,0.7196225539867074,0,-0.23937151459166417,0.34594621471166387,0.290645871104774
251,meanfilesC55,2.2143920798560384,0.02794258437400193,1,0.03534334087564173,0.6165277431243584,0.290645871104774
252,meanfilesC56,3.1577452835288335,0.0018387102608663078,1,0.17245987289547227,0.7478547124845272,0.290645871104774
253,meanfilesC57,4.234517867708234,3.505124097503676e-05,1,0.3077110354504545,0.8452673062495455,0.290645871104774
254,meanfilesC58,2.1914158090583955,0.029588419149195005,1,0.03277189615267023,0.62869297182733,0.290645871104774
255,meanfilesC59,1.8535415005942293,0.06529247731133336,0,-0.01768642378750296,0.5607606044275029,0.290645871104774
256,meanfilesC6,1.8693081289895446,0.0630563947911702,0,-0.01503636928167279,0.5506090594616726,0.290645871104774
257,meanfilesC60,-0.2751541339696915,0.7834847384721204,0,-0.23418133059645668,0.3100277479964569,0.290645871104774
258,meanfilesC61,1.2532998886662465,0.21157453270074586,0,-0.10686320408562683,0.4783944650856267,0.290645871104774
259,meanfilesC62,3.501130626676691,0.0005724172928936646,1,0.2010792555656044,0.7210811051343962,0.290645871104774
260,meanfilesC63,3.341918338635302,0.0009946367426463142,1,0.17821439317891724,0.692738089221083,0.290645871104774
261,meanfilesC64,1.769794881598702,0.07830043744805472,0,-0.026814451238582615,0.4909869230785828,0.290645871104774
262,meanfilesC65,0.0681804523470109,0.9457107897769559,0,-0.2670439301728397,0.28614813963283997,0.290645871104774
263,meanfilesC66,3.981268799337513,9.620287398247726e-05,1,0.2890443567422744,0.857706521277726,0.290645871104774
264,meanfilesC67,3.5542102454585627,0.0004740501974203287,1,0.21320516852301946,0.7460417992169803,0.290645871104774
265,meanfilesC68,3.463137941823818,0.0006542549484235571,1,0.214156265059748,0.7821082578602525,0.290645871104774
266,meanfilesC69,1.2242958204540637,0.2222953679734541,0,-0.11106345701437842,0.4736742232143784,0.290645871104774
267,meanfilesC7,0.07282117082721584,0.942021932880184,0,-0.286546683814011,0.3084948471140115,0.290645871104774
268,meanfilesC70,2.7622890009023706,0.006280293521780873,1,0.10130986375101925,0.6089457406289811,0.290645871104774
269,meanfilesC71,1.473003699181725,0.14233793224635627,0,-0.07099849639757466,0.48826513371757424,0.290645871104774
270,meanfilesC72,2.676362748130709,0.008066267190451334,1,0.09510853979709633,0.6299959258029033,0.290645871104774
271,meanfilesC73,0.03899676367164757,0.9689322602141315,0,-0.2755690852959824,0.2866748010959827,0.290645871104774
272,meanfilesC74,1.284658971440138,0.2004123955701969,0,-0.09546255578683716,0.45113164058683686,0.290645871104774
273,meanfilesC75,3.556524238351667,0.00047014631732625485,1,0.21202036667162205,0.7411210469283778,0.290645871104774
274,meanfilesC76,3.2162134812755387,0.0015172363513358685,1,0.18536742661535327,0.774711153984647,0.290645871104774
275,meanfilesC77,3.8639401563307496,0.00015114861248544784,1,0.26411168914084465,0.8159839722591551,0.290645871104774
276,meanfilesC78,1.274396757577623,0.20401648859669747,0,-0.09525862527519946,0.4421703598751996,0.290645871104774
277,meanfilesC79,2.0021692249216554,0.046631110972496205,1,0.0038745860755128314,0.5522582953244873,0.290645871104774
278,meanfilesC8,1.5772593957540524,0.11633218187487161,0,-0.055539840512426386,0.49684053679242673,0.290645871104774
279,meanfilesC80,3.536989974284852,0.0005040735883102464,1,0.23353992366159815,0.8236281917384017,0.290645871104774
280,meanfilesC81,2.43455980572627,0.015796310007471923,1,0.06559404107157746,0.6282859439424231,0.290645871104774
281,meanfilesC82,0.45184868675909007,0.6518725692188471,0,-0.21390681062831612,0.3408801405483161,0.290645871104774
282,meanfilesC83,3.384431796698793,0.0008598606182063574,1,0.1858530530392713,0.706253657900729,0.290645871104774
283,meanfilesC84,2.0948672812544027,0.03745470041282998,1,0.016751159139312022,0.5652143403006878,0.290645871104774
284,meanfilesC85,1.1322838841480074,0.2588844585663491,0,-0.1266990522430127,0.46746271154901264,0.290645871104774
285,meanfilesC86,2.1779412059041348,0.03059219533240038,1,0.028648729273241247,0.5840597333267589,0.290645871104774
286,meanfilesC87,3.0864248696717023,0.002315953536428956,1,0.1544170465473288,0.7026524646526712,0.290645871104774
287,meanfilesC88,3.6167727015504956,0.00037853072524141106,1,0.22178235785227757,0.7549427769077226,0.290645871104774
288,meanfilesC89,2.88561155845005,0.004339670631173529,1,0.12306685283236113,0.6562754161536386,0.290645871104774
289,meanfilesC9,-0.9278405355597966,0.3546199558956453,0,-0.15044010477572245,0.41722216097972264,0.290645871104774
290,meanfilesC90,2.7486171854168586,0.006538042922505821,1,0.10403742804777566,0.6345444765522241,0.290645871104774
291,meanfilesC91,3.017439964394353,0.0028840029683004005,1,0.12984534058601566,0.6213282668139843,0.290645871104774
292,meanfilesC92,2.8066345430023723,0.005506434146078282,1,0.12099137308460922,0.6949466750753905,0.290645871104774
293,meanfilesC93,0.9760492429846119,0.3302310456759069,0,-0.14804391792842247,0.4375550647284227,0.290645871104774
294,meanfilesC94,0.8156993565656513,0.4156522793759425,0,-0.16909341687582768,0.4071959103378272,0.290645871104774
295,meanfilesC95,3.0033423076585652,0.0030148207747354365,1,0.14034566368635149,0.6788512985136487,0.290645871104774
296,meanfilesC96,2.665595726348029,0.008319728973459506,1,0.09355979729876318,0.6279320412412372,0.290645871104774
297,meanfilesC97,0.9240984084027166,0.35655989284232603,0,-0.15005074667723,0.4141247956772302,0.290645871104774
298,meanfilesC98,2.4584488992943716,0.014812929178413297,1,0.06830429161334906,0.6253357514685108,0.290645871104774
299,meanfilesC99,1.3382360040011183,0.18235427772660617,0,-0.08997119521010205,0.46857521861010193,0.290645871104774
300,meanfilesD1,0.8700067792886432,0.38482109900248096,0,-0.10749214585562628,0.2761095917056263,0.5140816347005553
301,meanfilesD10,1.7429570340781593,0.08211341089106418,0,-0.023284496670628596,0.36678895917062826,0.5140816347005553
302,meanfilesD100,0.020855139518120822,0.9833716635458281,0,-0.19927126622693617,0.2035153844419361,0.5140816347005553
303,meanfilesD11,0.8374061659382936,0.4028668614482759,0,-0.10856256773761416,0.26779791243761475,0.5140816347005553
304,meanfilesD12,0.38030262972974277,0.7039236601582106,0,-0.16578242968244408,0.24464366994244383,0.5140816347005553
305,meanfilesD13,-0.10403556503983234,0.9171935290618376,0,-0.20610846905741803,0.22897796966741818,0.5140816347005553
306,meanfilesD14,-0.8944355758876823,0.3716294522178675,0,-0.1005021067855596,0.26623117855655987,0.5140816347005553
307,meanfilesD15,-0.017187784982323814,0.9862954197194276,0,-0.1998212069823816,0.2033220986223817,0.5140816347005553
308,meanfilesD16,-1.507609868252965,0.13244773338786497,0,-0.04738856056480989,0.3503459533748101,0.5140816347005553
309,meanfilesD17,-0.09889141345312513,0.9212742741128385,0,-0.18394162872520733,0.20328926371520725,0.5140816347005553
310,meanfilesD18,-0.5270317046236025,0.5984651981992108,0,-0.14937824774660072,0.25780142673660056,0.5140816347005553
311,meanfilesD19,-0.31415668585887024,0.753566642468342,0,-0.1662282050745735,0.22895345357457333,0.5140816347005553
312,meanfilesD2,0.12855962787004901,0.897771050609164,0,-0.1846517857250923,0.2103057392350923,0.5140816347005553
313,meanfilesD20,-1.0922312193411954,0.27539218788203684,0,-0.08898739793680718,0.30813674434680705,0.5140816347005553
314,meanfilesD21,-0.6682818605914406,0.5043410608394026,0,-0.1286392930971976,0.2597901439871977,0.5140816347005553
315,meanfilesD22,-1.4804197413427997,0.1395524143227215,0,-0.05018219626669257,0.3480417747466928,0.5140816347005553
316,meanfilesD23,-0.9557186491162497,0.339794528940324,0,-0.10494129721726422,0.300918363917264,0.5140816347005553
317,meanfilesD24,1.2036556863323415,0.22943809885098893,0,-0.07746765978277673,0.31791389403177706,0.5140816347005553
318,meanfilesD25,0.16727357037341575,0.8672397548548876,0,-0.18984374297574158,0.22489479198574158,0.5140816347005553
319,meanfilesD26,-0.7851262148235799,0.43284667176844105,0,-0.11669848938484098,0.27015498959484063,0.5140816347005553
320,meanfilesD27,0.9438167387257895,0.34583588162423073,0,-0.10148755955807798,0.2865031336580779,0.5140816347005553
321,meanfilesD28,-0.37604205024323123,0.7070859964594476,0,-0.1523217016520355,0.22377763237203552,0.5140816347005553
322,meanfilesD29,1.329133033273379,0.18456549257776433,0,-0.06653884756150477,0.3386097473375047,0.5140816347005553
323,meanfilesD3,-0.7616307569814902,0.44673147522590995,0,-0.12298403546418343,0.27683904346418375,0.5140816347005553
324,meanfilesD30,-0.8469455399183712,0.397534455292721,0,-0.11969209333366171,0.29874758753366126,0.5140816347005553
325,meanfilesD31,0.8487411246282608,0.3965355407393414,0,-0.10740393456477296,0.26867311633477275,0.5140816347005553
326,meanfilesD32,1.298415772086805,0.19489634301563455,0,-0.06648448453584169,0.32006891176584196,0.5140816347005553
327,meanfilesD33,-0.6772687948748078,0.49862889981690084,0,-0.1239045103875348,0.2528105893175351,0.5140816347005553
328,meanfilesD34,0.02711113708671506,0.978384680284121,0,-0.2012574563445766,0.20684754837457664,0.5140816347005553
329,meanfilesD35,-0.9863594825585011,0.32455598502872884,0,-0.1040490575346269,0.3107783047346273,0.5140816347005553
330,meanfilesD36,0.833390296207719,0.4051244985799719,0,-0.11685849521008937,0.2868421663700894,0.5140816347005553
331,meanfilesD37,-0.35194192689117404,0.7250680812346525,0,-0.16290589183656096,0.23337000078556086,0.5140816347005553
332,meanfilesD38,-0.7732258570270631,0.4398477081414468,0,-0.11367653356233112,0.25944081455233103,0.5140816347005553
333,meanfilesD39,-0.16237568573891575,0.8710924220775587,0,-0.18196486153787195,0.21448958358787173,0.5140816347005553
334,meanfilesD4,0.10554424112753794,0.9159971390067996,0,-0.1959831509429989,0.21806227485299912,0.5140816347005553
335,meanfilesD40,0.886308884783542,0.37598631276661,0,-0.10615817692571189,0.27833381838571186,0.5140816347005553
336,meanfilesD41,0.4902643434801392,0.6242170104138534,0,-0.13979377727403508,0.23185093747403507,0.5140816347005553
337,meanfilesD42,0.23710809310411782,0.8126949304366701,0,-0.1718723815949116,0.21865654766491174,0.5140816347005553
338,meanfilesD43,-1.8870344500963154,0.05988320848353806,0,-0.009884409479489986,0.4144188336294897,0.5140816347005553
339,meanfilesD44,-1.10991537666067,0.2677056386887938,0,-0.08948890121996333,0.3179971943399629,0.5140816347005553
340,meanfilesD45,-2.0346930668757617,0.042544103310878746,1,0.005341087868685035,0.3866831228913148,0.5140816347005553
341,meanfilesD46,0.22395970394455203,0.8229035763549652,0,-0.1727176125291167,0.21679212396911654,0.5140816347005553
342,meanfilesD47,0.4748086846548312,0.6351837711323227,0,-0.1562174942314848,0.25482341882148496,0.5140816347005553
343,meanfilesD48,-2.769649734274646,0.005874350486305125,1,0.08002064445359047,0.4807822028314095,0.5140816347005553
344,meanfilesD49,-0.48752231667026463,0.6261566554243341,0,-0.15503350748793232,0.25636873884793254,0.5140816347005553
345,meanfilesD5,-0.6891284702485143,0.4911439677964714,0,-0.1229118831203625,0.25422054416036277,0.5140816347005553
346,meanfilesD50,1.8227523429506807,0.06909103133949965,0,-0.015502352981335316,0.3766184990093352,0.5140816347005553
347,meanfilesD51,2.080067643532355,0.0381586851520628,1,0.010213393828697348,0.4112324947713025,0.5140816347005553
348,meanfilesD52,-1.1454707060960303,0.2527025218103997,0,-0.08236004453600548,0.308657332636006,0.5140816347005553
349,meanfilesD53,0.25627443173659126,0.7978713492039778,0,-0.16991466865289356,0.2204606904068937,0.5140816347005553
350,meanfilesD54,1.2432675721050523,0.21450111479080824,0,-0.07183257783702632,0.31452068519702614,0.5140816347005553
351,meanfilesD55,0.008633745546994124,0.9931156791990137,0,-0.18386417742354538,0.18547528396354535,0.5140816347005553
352,meanfilesD56,-1.6443844883069985,0.1008863961188411,0,-0.03341892406126526,0.3616314557612652,0.5140816347005553
353,meanfilesD57,1.14370865672128,0.2534319078995827,0,-0.08552854098718221,0.3196754468871825,0.5140816347005553
354,meanfilesD58,1.5940318494329226,0.11172268815665642,0,-0.03756001466885636,0.34840637316885603,0.5140816347005553
355,meanfilesD59,-0.8401390457567707,0.4013348307853849,0,-0.11827061859569407,0.2927290371566942,0.5140816347005553
356,meanfilesD6,-1.1686163742546607,0.24325771359810847,0,-0.07930476319640278,0.30795755980040296,0.5140816347005553
357,meanfilesD60,0.28453412660407706,0.7761490691789867,0,-0.1754886743612828,0.23441596924128294,0.5140816347005553
358,meanfilesD61,0.31816491725216167,0.7505267203730057,0,-0.1588868016444969,0.2197532807334968,0.5140816347005553
359,meanfilesD62,1.0712991577749311,0.2846841367550742,0,-0.08987461032361613,0.3019622463746163,0.5140816347005553
360,meanfilesD63,-1.0144900091454059,0.31096531416844275,0,-0.09347766278144587,0.29006984510144596,0.5140816347005553
361,meanfilesD64,-1.1226745382776482,0.26225253522115477,0,-0.08335843236566007,0.3018666028056606,0.5140816347005553
362,meanfilesD65,1.6835138307037263,0.09305979038523185,0,-0.03023350560095331,0.37444903900095294,0.5140816347005553
363,meanfilesD66,1.3071972458347823,0.19190042321566106,0,-0.07035156828736858,0.344030529764368,0.5140816347005553
364,meanfilesD67,0.18881419780989805,0.8503346854277969,0,-0.1781099045682162,0.21567581459821675,0.5140816347005553
365,meanfilesD68,-0.1554717361099428,0.8765282537152306,0,-0.18989935090892832,0.22227607041892808,0.5140816347005553
366,meanfilesD69,0.800175787705505,0.42408630436567196,0,-0.11981125868967912,0.2824304587596784,0.5140816347005553
367,meanfilesD7,1.203501280472946,0.22949774102214687,0,-0.07534965214913764,0.3091454110391378,0.5140816347005553
368,meanfilesD70,-1.4647937243176279,0.1437666604694969,0,-0.050598675618422656,0.33873431791542274,0.5140816347005553
369,meanfilesD71,-0.4580128205707478,0.6471931868444537,0,-0.14706349966222992,0.23561899995222996,0.5140816347005553
370,meanfilesD72,-1.07526244354216,0.2829086492493701,0,-0.09782267351607671,0.33053610803607686,0.5140816347005553
371,meanfilesD73,-2.4494930915222617,0.01473589887454748,1,0.04637808781644395,0.4367884035335561,0.5140816347005553
372,meanfilesD74,-1.2798575633747264,0.20134074709620015,0,-0.07157916860274954,0.3335525908227494,0.5140816347005553
373,meanfilesD75,1.2881968990105321,0.19842583759044344,0,-0.06836518020231194,0.3232451262656122,0.5140816347005553
374,meanfilesD76,0.1182037239631535,0.9059658717113301,0,-0.19397436775731508,0.21861479775731513,0.5140816347005553
375,meanfilesD77,-2.3484346277539223,0.019341046780173225,1,0.037329084083902675,0.4375821278150973,0.5140816347005553
376,meanfilesD78,-0.1549265320109891,0.8769577733403013,0,-0.18818363676787636,0.22014577029787658,0.5140816347005553
377,meanfilesD79,0.7222287171650184,0.4705779985277433,0,-0.12543658842876018,0.2695771748787602,0.5140816347005553
378,meanfilesD8,1.3449162473737584,0.17941815898921495,0,-0.06255563501222716,0.327816829012227,0.5140816347005553
379,meanfilesD80,-1.0432259470353944,0.2974768961676412,0,-0.09120015227486256,0.29449053849486273,0.5140816347005553
380,meanfilesD81,-0.35035960267367877,0.7262541881452278,0,-0.16441191232292607,0.23513893674292585,0.5140816347005553
381,meanfilesD82,0.273526134179541,0.7845906917269405,0,-0.1746884625793527,0.23071377289935305,0.5140816347005553
382,meanfilesD83,-0.010177391748800576,0.9918848558366495,0,-0.19097059260918528,0.1929447019791856,0.5140816347005553
383,meanfilesD84,-0.46242627836347067,0.6440283564409159,0,-0.15463517592993167,0.24892083192993128,0.5140816347005553
384,meanfilesD85,0.4902008123871448,0.6242619213078484,0,-0.14519439303443005,0.24079150398443006,0.5140816347005553
385,meanfilesD86,-0.363971790219069,0.7160723494190729,0,-0.15736851137517247,0.2282884205551726,0.5140816347005553
386,meanfilesD87,-0.03437513320310772,0.9725952455723007,0,-0.1985024483168557,0.2055194009668554,0.5140816347005553
387,meanfilesD88,-0.10560223633970062,0.9159511522165342,0,-0.19027256182486119,0.21172078316486098,0.5140816347005553
388,meanfilesD89,-0.09861198145252408,0.9214960020977775,0,-0.19163617936148913,0.21173321158148894,0.5140816347005553
389,meanfilesD9,-0.06537390478955246,0.9479091243399356,0,-0.19249996134318462,0.20565073208318443,0.5140816347005553
390,meanfilesD90,0.3831023165000065,0.7018484348912271,0,-0.15958226062630723,0.236187109866307,0.5140816347005553
391,meanfilesD91,-0.1446875105073825,0.8850308393567323,0,-0.17588773873383357,0.20363141769383364,0.5140816347005553
392,meanfilesD92,-1.3461501998665422,0.1790202943593801,0,-0.06389538935256797,0.335614839972568,0.5140816347005553
393,meanfilesD93,0.2620654684613632,0.7934065490391741,0,-0.16673520789967844,0.21762727529967818,0.5140816347005553
394,meanfilesD94,-1.936027337668661,0.05357211093156062,0,-0.004313245850156161,0.39070890782015655,0.5140816347005553
395,meanfilesD95,2.234447138007432,0.02600818642091218,1,0.026362853301107048,0.43529159231889275,0.5140816347005553
396,meanfilesD96,-0.4130517858707444,0.6797911108695929,0,-0.15454715543095698,0.23606425858395674,0.5140816347005553
397,meanfilesD97,-1.2866543514503734,0.1989626677232645,0,-0.06980772027581827,0.3291751657098183,0.5140816347005553
398,meanfilesD98,-1.026943362321723,0.30507085411801677,0,-0.09702898188021847,0.30629613338021844,0.5140816347005553
399,meanfilesD99,-0.6276807641077699,0.5305730447706303,0,-0.14078814298665368,0.27155465380665367,0.5140816347005553
400,meanfilesE1,-0.36913493639465866,0.7124215902110116,0,-0.22206703250644366,0.3242050442064438,0.290645871104774
401,meanfilesE10,0.4117426439783651,0.680973436690725,0,-0.20595585500794517,0.3144989240079445,0.290645871104774
402,meanfilesE100,0.6165045049204018,0.5382697734532613,0,-0.2007745436692538,0.38310105803325406,0.290645871104774
403,meanfilesE11,0.48114052051343004,0.6309479016887263,0,-0.1984355416767153,0.32632173113871554,0.290645871104774
404,meanfilesE12,-0.42079993463758103,0.6743575565787778,0,-0.2239114514050563,0.34521648231505575,0.290645871104774
405,meanfilesE13,-1.2830358883086503,0.2009792843178419,0,-0.0916776983749561,0.43201280439495604,0.290645871104774
406,meanfilesE14,0.8245679460265702,0.41060915693280875,0,-0.16309156472324848,0.39703037732324864,0.290645871104774
407,meanfilesE15,0.8742605161405702,0.3830355688155248,0,-0.1500293418089544,0.3885084090089536,0.290645871104774
408,meanfilesE16,0.025863294790613695,0.9793924243636827,0,-0.27844705410237636,0.28583930414237646,0.290645871104774
409,meanfilesE17,0.3558738525507614,0.722313910338307,0,-0.2373138161178776,0.3416810109178776,0.290645871104774
410,meanfilesE18,-0.3213196814120508,0.7483070699627705,0,-0.22871191268599667,0.3176312181659968,0.290645871104774
411,meanfilesE19,-0.42467928350057843,0.6715315979012562,0,-0.2154435296910025,0.33353193509100293,0.290645871104774
412,meanfilesE2,2.5030155653372392,0.013122689746024506,1,0.07099548516845078,0.6011732544315486,0.290645871104774
413,meanfilesE20,1.1830654551712216,0.23820177863192296,0,-0.11063140623160694,0.4414789486316073,0.290645871104774
414,meanfilesE21,-2.2102876240265945,0.028230624986505373,1,0.032292842984646186,0.5725497448153539,0.290645871104774
415,meanfilesE22,0.1892327914249633,0.8501042030463238,0,-0.23379822908152376,0.2833683646815242,0.290645871104774
416,meanfilesE23,0.309917480816702,0.7569496486452165,0,-0.24865539050873947,0.34125910016873956,0.290645871104774
417,meanfilesE24,-1.0503442133570653,0.2948401616582669,0,-0.1331547648809182,0.43590244574091846,0.290645871104774
418,meanfilesE25,0.4529869196110011,0.651054150970128,0,-0.24822973829499084,0.39605857637499076,0.290645871104774
419,meanfilesE26,0.7289370802643207,0.4669014787478346,0,-0.1841052625697882,0.39963164786978844,0.290645871104774
420,meanfilesE27,-0.8093791263716478,0.4192686675711145,0,-0.1427910922109953,0.3412166081089948,0.290645871104774
421,meanfilesE28,0.14075432162230844,0.888207121592968,0,-0.25556470437716233,0.294802785177162,0.290645871104774
422,meanfilesE29,0.5570174057713122,0.5781446234193937,0,-0.20868461620087347,0.37272155214087416,0.290645871104774
423,meanfilesE3,0.6207658112642892,0.5354676267912537,0,-0.19604550190382974,0.3758724453238297,0.290645871104774
424,meanfilesE30,0.22702319744318614,0.8206399287581568,0,-0.24695329797723592,0.31112751435723557,0.290645871104774
425,meanfilesE31,0.7265930181227066,0.4683334159111183,0,-0.18104255479378334,0.3919050763937833,0.290645871104774
426,meanfilesE32,-0.611587156910226,0.5415125069785911,0,-0.18998464432667717,0.3605189531466765,0.290645871104774
427,meanfilesE33,-1.522265326268,0.1295380651561821,0,-0.05609437154203917,0.43392382474203867,0.290645871104774
428,meanfilesE34,-0.0840031333604633,0.9331388105952303,0,-0.2859760183187518,0.31139345549875114,0.290645871104774
429,meanfilesE35,-0.5890473310519341,0.5565009657480757,0,-0.195059777899245,0.36095276569924495,0.290645871104774
430,meanfilesE36,1.0422454901026703,0.2985687773871995,0,-0.1399558902210304,0.4529696508010307,0.290645871104774
431,meanfilesE37,1.02368188843245,0.3072346103130268,0,-0.13047735278010314,0.4114974271801029,0.290645871104774
432,meanfilesE38,2.453318432879809,0.015019415998959161,1,0.06859459189630657,0.633984500703694,0.290645871104774
433,meanfilesE39,-0.4398370004595569,0.660534879548839,0,-0.21004345988599243,0.3304590516259925,0.290645871104774
434,meanfilesE4,-0.047651080292750246,0.9620423510076356,0,-0.2655693525368114,0.27870600373681137,0.290645871104774
435,meanfilesE40,1.5644360931736623,0.11931202522609943,0,-0.06000961862306947,0.5181513028230702,0.290645871104774
436,meanfilesE41,0.4654924384058887,0.6420904408393151,0,-0.20829749063688008,0.3368265050368803,0.290645871104774
437,meanfilesE42,0.07475706734390043,0.94048347540235,0,-0.26612003795289485,0.2870668221728948,0.290645871104774
438,meanfilesE43,1.7738541026189323,0.077624256117414,0,-0.029666268884172287,0.554808104824172,0.290645871104774
439,meanfilesE44,0.7642770492018696,0.4456120048207626,0,-0.1640088249107704,0.3711969467307702,0.290645871104774
440,meanfilesE45,1.3045654921508258,0.19355514484433853,0,-0.09685306368549901,0.4741866070854988,0.290645871104774
441,meanfilesE46,-0.870711319953211,0.384966229737678,0,-0.1602453993336984,0.4131134469336982,0.290645871104774
442,meanfilesE47,1.2893806890158834,0.19876994582945978,0,-0.09293702191060749,0.4428652076486076,0.290645871104774
443,meanfilesE48,0.24710666915299145,0.8050817031833838,0,-0.25344159691287077,0.3259617502328714,0.290645871104774
444,meanfilesE49,-0.7004728611867681,0.4844543326192884,0,-0.186692423577679,0.3920200627976791,0.290645871104774
445,meanfilesE5,0.7860621582430615,0.4327707779379507,0,-0.16898924654554892,0.3925796693455488,0.290645871104774
446,meanfilesE50,0.04827873231248386,0.9615427669861568,0,-0.28951290490524617,0.30402731050524634,0.290645871104774
447,meanfilesE51,0.6522739164580199,0.5149809959314097,0,-0.17827151071486175,0.35418999537486234,0.290645871104774
448,meanfilesE52,0.10542349856339188,0.91614649453657,0,-0.2654201235203652,0.2953653372403648,0.290645871104774
449,meanfilesE53,-2.4605726636938314,0.014728193930572514,1,0.06615371155056299,0.6032908166494366,0.290645871104774
450,meanfilesE54,-0.2660948774624377,0.7904430228711954,0,-0.2387986529193431,0.313197422119343,0.290645871104774
451,meanfilesE55,-0.1931609488514458,0.8470309177073334,0,-0.2333569687975734,0.28397198275757396,0.290645871104774
452,meanfilesE56,-1.0026764712721195,0.3172407754686114,0,-0.1340128215032071,0.41061279690320723,0.290645871104774
453,meanfilesE57,-0.037471279073163055,0.9701469921812156,0,-0.2904676554122555,0.3017070156842555,0.290645871104774
454,meanfilesE58,-1.5770956844729553,0.11636984988980499,0,-0.055287917984549795,0.49436027110455005,0.290645871104774
455,meanfilesE59,1.4888119882454007,0.1381279033292784,0,-0.0734725555562184,0.5241257829562183,0.290645871104774
456,meanfilesE6,2.6378036756512677,0.009007474368313182,1,0.09388314819509108,0.6525617513649089,0.290645871104774
457,meanfilesE60,-0.08775765465580068,0.9301579860472032,0,-0.27827336764586036,0.30416305344586053,0.290645871104774
458,meanfilesE61,1.8987276565387519,0.05905449286438597,0,-0.01005328881967582,0.5154180767196757,0.290645871104774
459,meanfilesE62,1.6897484316755895,0.09264995744795876,0,-0.038776402817732813,0.49935413641773313,0.290645871104774
460,meanfilesE63,1.9045013544762492,0.058294573853696435,0,-0.009617037807867268,0.5346498753058673,0.290645871104774
461,meanfilesE64,1.719812705973889,0.08702905576396376,0,-0.03538217545699446,0.5136588193969946,0.290645871104774
462,meanfilesE65,2.281180611187111,0.023601909140850627,1,0.04166021811795367,0.5776391426820466,0.290645871104774
463,meanfilesE66,0.4994373376959514,0.6180258255054492,0,-0.1967447190004265,0.32999589874042673,0.290645871104774
464,meanfilesE67,1.303421171521671,0.19394456836532745,0,-0.09918421137631939,0.48460225043231964,0.290645871104774
465,meanfilesE68,2.1466778630364205,0.03303525701585327,1,0.02488630332490699,0.5948437546750931,0.290645871104774
466,meanfilesE69,2.7871226690423025,0.005835571054306083,1,0.11987009895034234,0.7021560046496578,0.290645871104774
467,meanfilesE7,-0.03765295208548212,0.9700023236051415,0,-0.2966721877249476,0.308208364444948,0.290645871104774
468,meanfilesE70,2.8687929388200946,0.004567325692147746,1,0.1330211481212228,0.7201946042587773,0.290645871104774
469,meanfilesE71,1.2737620763381927,0.20424093933550716,0,-0.09940635212704657,0.4609151015270468,0.290645871104774
470,meanfilesE72,3.5465191520120065,0.0004872456898678397,1,0.22940608553425496,0.805536195625745,0.290645871104774
471,meanfilesE73,1.1311477194634285,0.2593611206000772,0,-0.12362502105854317,0.4553396681185426,0.290645871104774
472,meanfilesE74,1.119845032262759,0.26413636788527184,0,-0.11685920117728676,0.42317995957928656,0.290645871104774
473,meanfilesE75,1.431791193906196,0.15378023718607015,0,-0.07188363694635608,0.4513350699263557,0.290645871104774
474,meanfilesE76,2.355652573759053,0.019467869841873358,1,0.05133430939604561,0.5828115807439544,0.290645871104774
475,meanfilesE77,2.411825106555075,0.01678545702373313,1,0.061380001512651605,0.6152805801873487,0.290645871104774
476,meanfilesE78,2.039136594179138,0.042765217357077674,1,0.009309491243699342,0.5760025444563004,0.290645871104774
477,meanfilesE79,2.848276735403143,0.00485976516495846,1,0.11655989713458897,0.6431486648654117,0.290645871104774
478,meanfilesE8,0.27888647242056397,0.7806230151169528,0,-0.24278411456796417,0.3226588646279643,0.290645871104774
479,meanfilesE80,1.8160266225701476,0.07087881273141886,0,-0.02241100999065354,0.5367927159106543,0.290645871104774
480,meanfilesE81,0.827437644073543,0.4089851786472978,0,-0.1579412634717413,0.3858497964717408,0.290645871104774
481,meanfilesE82,4.001684374566454,8.883701051393754e-05,1,0.2567901199019553,0.7569084108980442,0.290645871104774
482,meanfilesE83,2.948461221494208,0.0035777102268933357,1,0.1295548876445053,0.6546606177554949,0.290645871104774
483,meanfilesE84,0.3242506400132997,0.7460905668570945,0,-0.23986680075841738,0.334140748418417,0.290645871104774
484,meanfilesE85,2.1821260925292028,0.030277337603956605,1,0.03162530182263579,0.6323986129173644,0.290645871104774
485,meanfilesE86,1.6721130062362315,0.09608152042187518,0,-0.04582970330904057,0.5530640639090411,0.290645871104774
486,meanfilesE87,1.138570663022596,0.2562579845452829,0,-0.12394823305741298,0.4616861180574129,0.290645871104774
487,meanfilesE88,1.6509488311115759,0.10033423380454508,0,-0.046369732980767964,0.5199164193207679,0.290645871104774
488,meanfilesE89,1.5647350992638522,0.11924186325051798,0,-0.057858836840868955,0.499987432040869,0.290645871104774
489,meanfilesE9,2.5499217363551425,0.011531401630144981,1,0.07828453483070469,0.6152589744892953,0.290645871104774
490,meanfilesE90,2.5173246087302457,0.012617675916187067,1,0.07145207774275542,0.5909799570772445,0.290645871104774
491,meanfilesE91,3.3430024626003196,0.000990967760602385,1,0.18938795662424734,0.7357378179757521,0.290645871104774
492,meanfilesE92,1.5252053724425536,0.12880358204546152,0,-0.06277916600702627,0.4892252280070264,0.290645871104774
493,meanfilesE93,3.6537874497536897,0.0003308814305557671,1,0.2340203638952627,0.7842020390847371,0.290645871104774
494,meanfilesE94,-0.20701534179000716,0.8362106179155714,0,-0.269135813098075,0.33218865323807534,0.290645871104774
495,meanfilesE95,0.5564173172231599,0.5785539016686003,0,-0.22045160228560395,0.393478051865604,0.290645871104774
496,meanfilesE96,1.237284260804144,0.2174469167073397,0,-0.09568248790512762,0.4169540652151273,0.290645871104774
497,meanfilesE97,2.99350588585168,0.0031093034799976557,1,0.15631138204717543,0.7618656167728247,0.290645871104774
498,meanfilesE98,1.8771895434167052,0.061962754753181526,0,-0.013619643142673499,0.5403251251626736,0.290645871104774
499,meanfilesE99,-0.3079439088741185,0.7584487148907828,0,-0.21745103915445585,0.2978226850144555,0.290645871104774
